,County_Code,Policy_Effective_Year,Total_Policy_Insurance_Cost,Units_Per_Policy,Building_Limits_Purchased,Contents_Limits_Purchased,Policy_Insurance_Premium,Policy_Sold_Count
0,,2018,1042.3707637835103,2031.0,401501800.0,139701200.0,775.4865958523014,1977
1,,2019,982.291101055807,2713.0,565284400.0,200235000.0,734.3880090497737,2652
2,,2020,770.5836053681538,5575.0,1234324800.0,466689300.0,567.4905694595575,5514
3,,2021,807.9507550886408,1547.0,346073500.0,121923900.0,594.9954038082732,1523
4,22019,2018,591.0,1.0,125000.0,50000.0,275.0,1
5,22019,2019,668.0,1.0,150000.0,60000.0,320.0,1
6,22019,2020,779.0,1.0,200000.0,80000.0,406.0,1
7,35,2018,450.0,1.0,250000.0,100000.0,348.0,1
8,35,2019,482.0,1.0,250000.0,100000.0,376.0,1
9,35,2020,516.0,1.0,250000.0,100000.0,395.0,1
10,35013,2018,979.4,5.0,1230200.0,426900.0,799.6,5
11,35013,2019,1141.0,4.0,980200.0,326900.0,943.25,4
12,35013,2020,982.5,4.0,900000.0,326900.0,792.75,4
13,35013,2021,1062.75,4.0,900000.0,326900.0,855.25,4
14,39093,2018,396.0,1.0,0.0,39000.0,105.0,1
15,39093,2019,398.0,1.0,0.0,41000.0,107.0,1
16,39093,2020,405.0,1.0,0.0,43100.0,110.0,1
17,48,2018,1336.6971830985915,142.0,28488100.0,9994700.0,1022.3591549295775,142
18,48,2019,1088.827922077922,308.0,67381900.0,24147700.0,828.2727272727273,308
19,48,2020,1225.696682464455,211.0,46670100.0,17441600.0,924.7582938388625,211
20,48,2021,1117.4761904761904,21.0,4838800.0,1556300.0,818.8095238095239,21
21,48001,2018,633.8679245283018,53.0,9175200.0,3383600.0,475.0188679245283,53
22,48001,2019,705.2982456140351,57.0,10223500.0,3695700.0,532.9122807017544,57
23,48001,2020,896.1481481481482,54.0,10088500.0,3913600.0,663.8703703703703,54
24,48001,2021,1134.6363636363637,11.0,1600000.0,480000.0,839.0,11
25,48003,2018,425.0,1.0,200000.0,80000.0,326.0,1
26,48003,2019,453.0,1.0,200000.0,80000.0,350.0,1
27,48003,2020,461.0,2.0,350000.0,140000.0,353.0,2
28,48003,2021,537.0,1.0,200000.0,80000.0,413.0,1
29,48005,2018,1171.9218106995884,486.0,93093800.0,26760500.0,888.0987654320987,486
30,48005,2019,1156.6177685950413,484.0,95594700.0,25902000.0,874.6838842975206,484
31,48005,2020,1271.0820734341253,463.0,90862600.0,25158200.0,960.4298056155508,463
32,48005,2021,1271.851851851852,108.0,21939400.0,6029000.0,954.3518518518518,108
33,48007,2018,807.6014281077572,6905.0,1366189800.0,482008700.0,554.5666991236611,6162
34,48007,2019,841.2355011733155,6518.0,1327209200.0,473564600.0,583.9329534026148,5966
35,48007,2020,861.7588466579292,6648.0,1368991900.0,489574200.0,587.8310943643512,6104
36,48007,2021,964.2537313432836,1295.0,271129600.0,97236200.0,672.6044776119403,1206
37,48009,2018,657.8039215686274,51.0,11141100.0,3312000.0,494.62745098039215,51
38,48009,2019,697.1304347826087,46.0,9642800.0,3218000.0,547.2608695652174,46
39,48009,2020,634.1111111111111,45.0,9494400.0,3260700.0,484.46666666666664,45
40,48009,2021,1053.5238095238096,21.0,4119500.0,1345000.0,819.0,21
41,48013,2018,1118.5,204.0,36315000.0,13347000.0,852.2156862745098,204
42,48013,2019,1278.7608695652175,184.0,34144800.0,12409000.0,1001.1032608695652,184
43,48013,2020,1397.989247311828,186.0,36683500.0,12619200.0,1082.3440860215053,186
44,48013,2021,1608.811320754717,53.0,10612300.0,4960300.0,1235.4150943396226,53
45,48015,2018,735.1616766467066,668.0,127861600.0,48300900.0,569.4071856287425,668
46,48015,2019,792.6153846153846,676.0,138075300.0,53079400.0,604.1346153846154,676
47,48015,2020,812.0917030567686,687.0,142732900.0,54749400.0,609.9854439592431,687
48,48015,2021,913.6610169491526,118.0,25238400.0,9180500.0,694.2627118644068,118
49,48017,2018,1267.1176470588234,17.0,1054100.0,70000.0,946.3529411764706,17
50,48017,2019,1467.1052631578948,19.0,1247200.0,115100.0,1133.2105263157894,19
51,48017,2020,1774.157894736842,19.0,1365800.0,158200.0,1383.6842105263158,19
52,48017,2021,2364.8333333333335,6.0,416900.0,43100.0,1845.1666666666667,6
53,48019,2018,1021.7483731019523,461.0,84606400.0,24231100.0,749.8177874186551,461
54,48019,2019,992.9977628635347,447.0,84439700.0,24575300.0,727.4071588366891,447
55,48019,2020,976.8937093275488,461.0,87173100.0,26147700.0,695.5661605206074,461
56,48019,2021,1211.4252873563219,87.0,17989600.0,5004500.0,881.0919540229885,87
57,48021,2018,840.0582655826558,738.0,141341400.0,48674300.0,649.3712737127371,738
58,48021,2019,910.7953555878084,689.0,138182400.0,47014400.0,705.1451378809869,689
59,48021,2020,989.807917888563,682.0,141898600.0,50052500.0,762.4618768328446,682
60,48021,2021,1193.530303030303,132.0,27766100.0,9966000.0,925.2424242424242,132
61,48023,2018,885.8333333333334,6.0,761300.0,210000.0,712.3333333333334,6
62,48023,2019,971.75,4.0,413800.0,111500.0,785.25,4
63,48023,2020,1231.8,5.0,508800.0,121500.0,984.4,5
64,48025,2018,921.7665505226481,287.0,48168000.0,13572700.0,676.226480836237,287
65,48025,2019,979.0594405594405,286.0,51225400.0,14368400.0,732.3111888111888,286
66,48025,2020,1027.2101449275362,276.0,49584200.0,14556900.0,759.3804347826087,276
67,48025,2021,1199.7384615384615,65.0,11816500.0,2721500.0,911.4153846153846,65
68,48027,2018,890.3985815602837,1410.0,293366200.0,95781500.0,663.2354609929077,1410
69,48027,2019,932.5349544072948,1316.0,274440200.0,90361200.0,703.9240121580547,1316
70,48027,2020,1025.0991412958626,1281.0,272054400.0,87724900.0,770.0288836846214,1281
71,48027,2021,1089.9079365079365,315.0,72194200.0,23810700.0,813.3809523809524,315
72,48029,2018,825.5912657795974,9050.0,1802730000.0,640305600.0,621.2996701921984,8793
73,48029,2019,875.6182182683874,8210.0,1681672100.0,596660300.0,666.8169402330535,7981
74,48029,2020,945.0098917257051,7693.0,1595583800.0,566690700.0,715.1225771955621,7481
75,48029,2021,1065.6959544879899,1728.0,326492900.0,115380600.0,801.9987357774968,1582
76,48031,2018,706.3937007874016,127.0,24592400.0,8474800.0,491.9527559055118,127
77,48031,2019,728.6888888888889,135.0,26055400.0,9226800.0,515.1703703703704,135
78,48031,2020,786.1666666666666,144.0,28313600.0,10006700.0,548.5486111111111,144
79,48031,2021,850.5,24.0,4254500.0,1688700.0,587.125,24
80,48035,2018,1156.732142857143,56.0,8034700.0,2094700.0,899.1607142857143,56
81,48035,2019,1389.2448979591836,49.0,7574900.0,1996400.0,1106.1632653061224,49
82,48035,2020,1406.1162790697674,43.0,6757400.0,1866400.0,1087.046511627907,43
83,48035,2021,2093.0,12.0,1530800.0,741300.0,1651.9166666666667,12
84,48037,2018,1070.0689655172414,348.0,63790100.0,16855800.0,802.221264367816,348
85,48037,2019,1169.498452012384,323.0,58480100.0,15152200.0,892.8699690402477,323
86,48037,2020,1196.8065693430658,274.0,48115900.0,13740900.0,908.0656934306569,274
87,48037,2021,1313.6179775280898,89.0,15953300.0,4228500.0,1007.5393258426966,89
88,48039,2018,727.7596241359802,40665.0,8508315600.0,3219241000.0,562.3048483506752,40653
89,48039,2019,761.008058058058,39975.0,8575582300.0,3255107800.0,591.4370870870871,39960
90,48039,2020,795.746618554301,42985.0,9437262100.0,3600763400.0,605.5035967873356,42955
91,48039,2021,867.6517879469867,8001.0,1759211900.0,651336500.0,657.8909727431858,7998
92,48041,2018,730.7446428571428,1692.0,361145100.0,129061000.0,533.202380952381,1680
93,48041,2019,756.0253894979804,1738.0,383474300.0,133994700.0,557.5591459896134,1733
94,48041,2020,800.1244837758112,1705.0,377479500.0,134123200.0,586.0902654867257,1695
95,48041,2021,836.8408408408409,333.0,76135200.0,26534100.0,606.3753753753754,333
96,48043,2018,1420.730909090909,275.0,51144400.0,6025700.0,1098.0181818181818,275
97,48043,2019,1530.4268774703557,253.0,49494200.0,5712600.0,1203.4545454545455,253
98,48043,2020,1445.3157894736842,247.0,48916600.0,5163700.0,1114.1093117408907,247
99,48043,2021,1444.0845070422536,71.0,13756400.0,2359100.0,1111.5774647887324,71
100,48047,2018,1258.7362637362637,182.0,24091300.0,3773900.0,931.054945054945,182
101,48047,2019,1324.3401360544217,147.0,19854800.0,3904600.0,1011.8299319727892,147
102,48047,2020,1406.2978723404256,141.0,19800700.0,4116000.0,1062.049645390071,141
103,48047,2021,1477.2333333333333,30.0,4655600.0,1359700.0,1069.6666666666667,30
104,48049,2018,990.0311475409836,610.0,115531800.0,38383300.0,732.9360655737705,610
105,48049,2019,1039.177033492823,627.0,121693300.0,41418600.0,772.8580542264752,627
106,48049,2020,1134.9808362369338,574.0,114664000.0,37255500.0,839.9024390243902,574
107,48049,2021,1617.5700934579438,107.0,23922400.0,7645600.0,1253.1121495327102,107
108,48051,2018,1148.304,125.0,22211800.0,6033900.0,878.632,125
109,48051,2019,1303.0082644628098,121.0,23146900.0,6516100.0,1003.9421487603306,121
110,48051,2020,1363.768,125.0,23191100.0,6731600.0,1014.792,125
111,48051,2021,1252.0,26.0,4206700.0,1412600.0,935.5,26
112,48053,2018,1073.1293680297397,1345.0,285445200.0,72716000.0,788.160594795539,1345
113,48053,2019,1165.8749126484975,1431.0,310420600.0,79628000.0,869.637062937063,1431
114,48053,2020,1279.4306722689075,1428.0,317696500.0,82998100.0,948.1617647058823,1428
115,48053,2021,1382.9171779141104,326.0,70975200.0,16820200.0,1025.239263803681,326
116,48055,2018,839.3543859649122,285.0,48199300.0,15749700.0,628.280701754386,285
117,48055,2019,845.0627306273062,271.0,46957300.0,15006800.0,633.1217712177122,271
118,48055,2020,903.4139194139194,273.0,49170000.0,15539700.0,673.3003663003662,273
119,48055,2021,833.3666666666667,60.0,11006400.0,3388500.0,616.8666666666667,60
120,48057,2018,1038.4846214511042,2576.0,506918000.0,188216900.0,742.0902996845426,2536
121,48057,2019,1029.9795918367347,2492.0,499591100.0,186617700.0,734.121224489796,2450
122,48057,2020,1055.1823974512147,2581.0,519826700.0,193120300.0,739.1306252489048,2511
123,48057,2021,1078.8355555555556,450.0,89780200.0,30535600.0,753.1466666666666,450
124,48059,2018,471.0,7.0,1135000.0,450000.0,335.14285714285717,7
125,48059,2019,486.0,8.0,1285000.0,510000.0,352.125,8
126,48059,2020,501.9,10.0,1460000.0,570000.0,362.0,10
127,48061,2018,921.052750410509,20713.0,3751268700.0,1019921600.0,650.7224958949097,14616
128,48061,2019,890.4992392670504,21099.0,3832683400.0,1067239100.0,636.5408480518621,15117
129,48061,2020,925.7392135108481,22536.0,4147130300.0,1163985600.0,654.9285626232742,16224
130,48061,2021,1187.9841085271319,4069.0,791916800.0,184224600.0,835.2728682170542,2580
131,48063,2018,1925.0,4.0,957900.0,160000.0,1472.75,4
132,48063,2019,2410.6666666666665,3.0,757900.0,80000.0,1907.6666666666667,3
133,48063,2020,2960.0,3.0,757900.0,80000.0,2325.0,3
134,48063,2021,572.0,1.0,250000.0,100000.0,442.0,1
135,48065,2018,1721.4444444444443,9.0,964700.0,125000.0,1390.6666666666667,9
136,48065,2019,1629.142857142857,7.0,885100.0,185000.0,1329.7142857142858,7
137,48065,2020,1705.2,5.0,661300.0,125000.0,1390.8,5
138,48065,2021,1007.5,4.0,507300.0,105000.0,795.5,4
139,48067,2018,1398.7272727272727,33.0,4628400.0,953000.0,1055.5454545454545,33
140,48067,2019,1305.0689655172414,29.0,4937000.0,1068000.0,967.6896551724138,29
141,48067,2020,1390.0,31.0,5297000.0,1168000.0,1014.1935483870968,31
142,48067,2021,2288.25,4.0,717900.0,30000.0,1737.75,4
143,48069,2018,639.8181818181819,11.0,664800.0,150000.0,370.54545454545456,11
144,48069,2019,632.5555555555555,9.0,599500.0,140000.0,359.22222222222223,9
145,48069,2020,663.4444444444445,9.0,599500.0,140000.0,378.8888888888889,9
146,48069,2021,737.0,1.0,35000.0,10000.0,561.0,1
147,48071,2018,583.3243861839368,4806.0,1064160300.0,427868900.0,441.98106533499794,4806
148,48071,2019,619.5798286604362,5136.0,1156757800.0,467128400.0,474.72507788161994,5136
149,48071,2020,661.4333919156414,5690.0,1298517400.0,523857200.0,498.10702987697715,5690
150,48071,2021,743.3137254901961,867.0,195616600.0,79532500.0,558.4071510957324,867
151,48073,2018,1068.764423076923,208.0,32404700.0,7218700.0,794.1153846153846,208
152,48073,2019,1180.442528735632,174.0,28598800.0,6966600.0,897.2873563218391,174
153,48073,2020,1354.426966292135,178.0,30411700.0,7539800.0,1032.8988764044943,178
154,48073,2021,1184.3181818181818,44.0,7935600.0,1470700.0,869.5,44
155,48075,2018,869.0,1.0,35000.0,10000.0,495.0,1
156,48075,2019,913.0,1.0,35000.0,10000.0,533.0,1
157,48075,2020,962.0,1.0,35000.0,10000.0,561.0,1
158,48077,2018,1201.1818181818182,55.0,6872700.0,1856200.0,944.5818181818182,55
159,48077,2019,1208.2692307692307,52.0,6767300.0,1824100.0,956.0769230769231,52
160,48077,2020,1221.3461538461538,52.0,7280000.0,1618300.0,951.5769230769231,52
161,48077,2021,2032.6,15.0,2515500.0,454000.0,1624.8666666666666,15
162,48081,2018,516.5,2.0,185000.0,70000.0,395.0,2
163,48081,2019,688.0,1.0,35000.0,10000.0,533.0,1
164,48081,2020,1112.0,2.0,209000.0,10000.0,879.0,2
165,48083,2018,1049.0,16.0,1062900.0,338300.0,738.25,16
166,48083,2019,1132.4666666666667,15.0,1059800.0,331000.0,816.6666666666666,15
167,48083,2020,1122.0,18.0,1547600.0,521000.0,799.5555555555555,18
168,48083,2021,1496.5,2.0,75000.0,10000.0,1109.5,2
169,48085,2018,600.1680834621329,2627.0,599923300.0,213356300.0,442.4598145285935,2588
170,48085,2019,642.4200323101777,2508.0,576790700.0,208731900.0,483.7366720516963,2476
171,48085,2020,660.7333619579218,2361.0,546674500.0,192638700.0,490.33490768570203,2329
172,48085,2021,759.9901380670611,527.0,124668900.0,43388300.0,565.0808678500986,507
173,48087,2018,1160.7826086956522,23.0,1701500.0,50100.0,910.0869565217391,23
174,48087,2019,1527.5333333333333,15.0,1293700.0,75100.0,1223.8666666666666,15
175,48087,2020,1610.764705882353,17.0,1456800.0,100200.0,1276.6470588235295,17
176,48087,2021,1305.1666666666667,6.0,449300.0,75000.0,1042.5,6
177,48089,2018,952.4935400516796,387.0,70951200.0,24739800.0,742.4599483204134,387
178,48089,2019,918.08,400.0,74021600.0,26733400.0,708.68,400
179,48089,2020,963.772378516624,391.0,76878600.0,27240300.0,721.6649616368286,391
180,48089,2021,1668.8727272727272,110.0,21212100.0,7838400.0,1309.6181818181817,110
181,48091,2018,830.82494365139,2959.0,620891000.0,199357400.0,599.2460555972953,2662
182,48091,2019,882.1252918287938,2845.0,608546000.0,195424100.0,643.6879377431907,2570
183,48091,2020,933.9208972845337,2854.0,619903100.0,197574100.0,676.219598583235,2541
184,48091,2021,1123.739837398374,833.0,169399800.0,43297400.0,798.4504065040651,615
185,48093,2018,855.275,40.0,4780200.0,1161500.0,639.9,40
186,48093,2019,912.6904761904761,42.0,6029400.0,1467900.0,691.3571428571429,42
187,48093,2020,950.2307692307693,39.0,5253800.0,1282200.0,705.6153846153846,39
188,48093,2021,1046.6666666666667,6.0,1007700.0,424200.0,767.5,6
189,48097,2018,1248.6825938566553,293.0,54120800.0,13865700.0,938.8737201365187,293
190,48097,2019,1420.2741312741314,259.0,48742100.0,13042700.0,1089.5096525096526,259
191,48097,2020,1408.759336099585,241.0,46363000.0,12577700.0,1074.8298755186722,241
192,48097,2021,1380.8148148148148,54.0,10646600.0,2387400.0,1046.6851851851852,54
193,48099,2018,620.5238095238095,168.0,28610500.0,10422900.0,431.8452380952381,168
194,48099,2019,718.9627329192547,161.0,28873600.0,10052500.0,509.1801242236025,161
195,48099,2020,788.1156462585034,147.0,27543100.0,9290500.0,565.8095238095239,147
196,48099,2021,951.0,49.0,8775900.0,3062300.0,673.8571428571429,49
197,48105,2018,1416.5217391304348,46.0,5446500.0,730900.0,1092.3478260869565,46
198,48105,2019,1592.3061224489795,49.0,6025100.0,805000.0,1262.530612244898,49
199,48105,2020,1547.7857142857142,42.0,5212700.0,801700.0,1212.7619047619048,42
200,48105,2021,1380.4545454545455,22.0,2333500.0,381500.0,1065.0,22
201,48107,2018,2524.8,5.0,669500.0,0.0,2052.0,5
202,48107,2019,1308.25,4.0,437800.0,0.0,1023.25,4
203,48107,2020,1279.0,6.0,636800.0,0.0,991.5,6
204,48107,2021,949.0,1.0,85000.0,0.0,741.0,1
205,48109,2018,2397.4444444444443,9.0,2054000.0,541000.0,1893.888888888889,9
206,48109,2019,2474.222222222222,9.0,1959300.0,503100.0,1958.111111111111,9
207,48109,2020,3043.6428571428573,14.0,3303300.0,302000.0,2371.8571428571427,14
208,48109,2021,1285.0,3.0,465000.0,8000.0,1025.6666666666667,3
209,48111,2018,1124.6666666666667,15.0,1152000.0,198500.0,824.4,15
210,48111,2019,1218.6,10.0,1075900.0,219500.0,959.7,10
211,48111,2020,1467.909090909091,11.0,1228000.0,220100.0,1135.1818181818182,11
212,48111,2021,1131.3333333333333,3.0,352500.0,98000.0,838.6666666666666,3
213,48113,2018,1077.3509849066256,9146.0,1817327100.0,569921100.0,825.6843182399591,7818
214,48113,2019,1131.4811796662786,9112.0,1818836500.0,573607100.0,874.589574440564,7731
215,48113,2020,1219.6181403461694,8952.0,1807535300.0,556459100.0,931.0717831745606,7453
216,48113,2021,1358.4469914040114,2311.0,466391100.0,132909700.0,1043.0452722063037,1745
217,48115,2018,935.8,10.0,854800.0,212000.0,705.2,10
218,48115,2019,1016.1,10.0,785800.0,150000.0,804.3,10
219,48115,2020,1146.3333333333333,9.0,681500.0,160000.0,895.4444444444445,9
220,48115,2021,883.0,4.0,473900.0,155000.0,690.0,4
221,48117,2018,1118.0,3.0,699700.0,200000.0,921.3333333333334,3
222,48117,2019,621.25,4.0,731200.0,260000.0,442.5,4
223,48117,2020,544.0,2.0,500000.0,200000.0,418.5,2
224,48121,2018,731.0739561217268,2826.0,628005200.0,226091300.0,554.6256192498231,2826
225,48121,2019,778.7206664303438,2821.0,634005800.0,222480400.0,597.5108117688762,2821
226,48121,2020,843.3133333333334,2700.0,612316500.0,217205700.0,643.5003703703703,2700
227,48121,2021,987.5823817292006,613.0,140375200.0,46607700.0,759.2430668841762,613
228,48123,2018,855.7185430463576,302.0,49977000.0,19559500.0,650.0496688741722,302
229,48123,2019,945.3795379537954,303.0,51263600.0,19398300.0,728.9339933993399,303
230,48123,2020,1044.5277777777778,288.0,48800000.0,18738400.0,797.4895833333334,288
231,48123,2021,1064.2077922077922,77.0,13195600.0,5086100.0,811.5064935064935,77
232,48127,2018,2405.9756097560976,41.0,7036200.0,690400.0,1934.121951219512,41
233,48127,2019,2804.288888888889,45.0,7672200.0,675400.0,2280.9333333333334,45
234,48127,2020,2864.2558139534885,43.0,6970700.0,851400.0,2274.6976744186045,43
235,48127,2021,2674.0,5.0,890600.0,0.0,2088.2,5
236,48129,2018,1744.3333333333333,6.0,966500.0,222700.0,1357.1666666666667,6
237,48129,2019,1092.25,4.0,466500.0,12000.0,841.25,4
238,48129,2020,1144.2,5.0,516500.0,12000.0,845.6,5
239,48129,2021,1427.3333333333333,3.0,420500.0,0.0,1146.0,3
240,48131,2018,1225.4375,32.0,4614600.0,1625000.0,919.78125,32
241,48131,2019,1278.9615384615386,26.0,4138500.0,1556100.0,1008.4230769230769,26
242,48131,2020,1338.7083333333333,24.0,3615400.0,1439200.0,1042.3333333333333,24
243,48131,2021,1814.0,3.0,650000.0,560000.0,1417.3333333333333,3
244,48133,2018,1429.9402985074628,134.0,17139500.0,4720000.0,1101.7611940298507,134
245,48133,2019,1534.504132231405,121.0,15979600.0,4226900.0,1198.396694214876,121
246,48133,2020,1632.8484848484848,99.0,13931400.0,3571500.0,1266.5151515151515,99
247,48133,2021,1429.0,24.0,3454700.0,842200.0,1091.7083333333333,24
248,48135,2018,1666.683908045977,1044.0,157200900.0,26340100.0,1297.051724137931,1044
249,48135,2019,1810.8599605522681,1014.0,160902800.0,24067800.0,1425.4280078895463,1014
250,48135,2020,1889.7405857740587,956.0,151908500.0,23489600.0,1473.4769874476988,956
251,48135,2021,1725.8354978354978,231.0,35063200.0,5998400.0,1340.3766233766235,231
252,48139,2018,755.5276595744681,705.0,144944800.0,47540500.0,569.2113475177305,705
253,48139,2019,791.1073919107392,717.0,150512500.0,49590800.0,603.3096234309623,717
254,48139,2020,866.5935302390999,711.0,149640800.0,48563500.0,653.2123769338959,711
255,48139,2021,1003.5925925925926,162.0,36288800.0,12989900.0,765.8395061728395,162
256,48141,2018,937.9655722754218,4386.0,685043800.0,128264300.0,692.9420884632923,4386
257,48141,2019,945.9316738633478,3937.0,636982600.0,122633400.0,706.2438404876809,3937
258,48141,2020,968.7854524950662,3547.0,585905400.0,114786800.0,716.3890611784607,3547
259,48141,2021,972.8930669800235,851.0,136619300.0,22653600.0,715.0070505287897,851
260,48143,2018,974.6818181818181,88.0,14774600.0,5094800.0,735.9318181818181,88
261,48143,2019,979.9411764705883,102.0,16616700.0,5820400.0,736.8627450980392,102
262,48143,2020,1084.6043956043957,91.0,17413600.0,5490200.0,816.4615384615385,91
263,48143,2021,1280.0625,16.0,3443600.0,1100000.0,993.375,16
264,48145,2018,675.5,4.0,564000.0,160000.0,484.0,4
265,48145,2019,903.125,8.0,1357800.0,380000.0,657.625,8
266,48145,2020,1006.2857142857143,7.0,1192800.0,280000.0,779.5714285714286,7
267,48145,2021,1529.0,2.0,300000.0,0.0,1232.0,2
268,48147,2018,1218.6503067484662,163.0,24823800.0,5744300.0,938.0184049079754,163
269,48147,2019,1212.4131736526947,167.0,27217200.0,6521100.0,946.8682634730538,167
270,48147,2020,1258.69375,160.0,26768000.0,6197700.0,973.4875,160
271,48147,2021,1598.35,60.0,9194500.0,1825400.0,1244.1666666666667,60
272,48149,2018,731.4421965317919,346.0,48152100.0,14887800.0,598.7167630057803,346
273,48149,2019,767.7311475409836,305.0,46663300.0,14760600.0,613.072131147541,305
274,48149,2020,884.6824644549763,211.0,41406400.0,15309100.0,646.5639810426541,211
275,48149,2021,1114.764705882353,51.0,10235500.0,3910800.0,826.1176470588235,51
276,48153,2018,809.6666666666666,6.0,432500.0,120000.0,512.0,6
277,48153,2019,871.0,6.0,432500.0,120000.0,565.3333333333334,6
278,48153,2020,1504.0,2.0,164000.0,20000.0,1136.0,2
279,48153,2021,2040.0,1.0,116000.0,20000.0,1665.0,1
280,48155,2018,2336.0,2.0,603000.0,500000.0,1879.0,2
281,48155,2019,2487.5,2.0,603000.0,500000.0,2010.5,2
282,48155,2020,2665.0,2.0,603000.0,500000.0,2110.0,2
283,48157,2018,499.25950033803434,63776.0,14710707300.0,5881652800.0,375.39972957250444,63603
284,48157,2019,534.225930469124,67021.0,15635434200.0,6247397600.0,406.09915031115366,66848
285,48157,2020,568.2948094311548,70069.0,16430022900.0,6562219800.0,426.4373068559002,69896
286,48157,2021,662.4631458571577,9792.0,2275089800.0,896879900.0,501.8585092005406,9619
287,48159,2018,782.4074074074074,27.0,1316100.0,361900.0,496.1111111111111,27
288,48159,2019,845.875,24.0,1341000.0,348000.0,551.7083333333334,24
289,48159,2020,837.3,20.0,968000.0,278000.0,539.0,20
290,48159,2021,834.4285714285714,7.0,245000.0,70000.0,561.8571428571429,7
291,48161,2018,769.8780487804878,41.0,7701000.0,2782000.0,560.2926829268292,41
292,48161,2019,757.7272727272727,44.0,8332500.0,3026000.0,563.6363636363636,44
293,48161,2020,935.921052631579,38.0,6781800.0,2429600.0,711.7105263157895,38
294,48161,2021,712.1666666666666,12.0,2036000.0,802800.0,523.9166666666666,12
295,48163,2018,903.0,16.0,1628200.0,688800.0,642.5625,16
296,48163,2019,1039.4117647058824,17.0,1664700.0,690800.0,741.4117647058823,17
297,48163,2020,1043.8666666666666,15.0,1579800.0,688800.0,745.6666666666666,15
298,48163,2021,962.0,1.0,35000.0,10000.0,561.0,1
299,48165,2018,1497.5384615384614,13.0,1522500.0,259300.0,1148.3076923076924,13
300,48165,2019,1563.2,15.0,1843100.0,359900.0,1218.6,15
301,48165,2020,1929.4444444444443,9.0,1374100.0,233300.0,1532.5555555555557,9
302,48165,2021,2375.3333333333335,3.0,724700.0,72800.0,1829.3333333333333,3
303,48167,2018,1154.0681835664066,68622.0,14269832600.0,4898284100.0,901.1977200350764,65001
304,48167,2019,1183.6897170075652,76284.0,16158992700.0,5395585800.0,919.9202998038667,71380
305,48167,2020,1128.342467670604,75231.0,16180776400.0,5565023400.0,860.4353132172647,71452
306,48167,2021,1292.8506306705024,14746.0,3196346600.0,1020351800.0,985.7547392490964,13557
307,48171,2018,955.384236453202,203.0,42370100.0,13254300.0,708.5221674876848,203
308,48171,2019,1003.4306220095693,209.0,44012100.0,13877300.0,751.9808612440191,209
309,48171,2020,1047.4245283018868,212.0,45153200.0,13709100.0,772.2452830188679,212
310,48171,2021,994.9056603773585,53.0,12130700.0,3302800.0,713.4150943396227,53
311,48175,2018,794.0,62.0,10314100.0,2969100.0,546.758064516129,62
312,48175,2019,824.968253968254,63.0,12134600.0,3797000.0,582.3650793650794,63
313,48175,2020,812.6769230769231,65.0,11707800.0,3751800.0,571.8461538461538,65
314,48175,2021,1362.8666666666666,15.0,2431300.0,450000.0,1010.2,15
315,48177,2018,1441.1658767772512,211.0,29437700.0,8048800.0,1093.947867298578,211
316,48177,2019,1543.372340425532,188.0,25142500.0,6090300.0,1189.6063829787233,188
317,48177,2020,1475.1909547738694,199.0,29094600.0,7762000.0,1112.4824120603016,199
318,48177,2021,1442.8372093023256,43.0,7487500.0,1839600.0,1094.3953488372092,43
319,48179,2018,1258.3333333333333,9.0,1406100.0,580000.0,949.1111111111111,9
320,48179,2019,1246.142857142857,7.0,1266500.0,630000.0,919.1428571428571,7
321,48179,2020,1397.3333333333333,6.0,1256500.0,630000.0,1055.1666666666667,6
322,48179,2021,2085.6666666666665,3.0,631500.0,550000.0,1591.0,3
323,48181,2018,1144.8968105065667,533.0,97496900.0,30150300.0,875.5722326454033,533
324,48181,2019,1204.0484848484848,495.0,90547000.0,27765900.0,930.0444444444445,495
325,48181,2020,1459.53125,512.0,95125100.0,30155700.0,1125.166015625,512
326,48181,2021,1908.4132231404958,121.0,24128900.0,8009300.0,1492.6528925619834,121
327,48183,2018,1286.4128878281622,419.0,82918300.0,23634600.0,1006.9904534606205,419
328,48183,2019,1280.4768041237114,388.0,77860800.0,22352800.0,1002.4690721649484,388
329,48183,2020,1565.0994764397906,382.0,79404400.0,23203000.0,1231.9188481675392,382
330,48183,2021,1159.6521739130435,92.0,18013400.0,4766400.0,867.1195652173913,92
331,48185,2018,953.0602409638554,249.0,48090500.0,19455600.0,730.3333333333334,249
332,48185,2019,1014.0043103448276,232.0,47374400.0,19594700.0,775.3491379310345,232
333,48185,2020,1037.5546558704452,247.0,53204000.0,24614100.0,778.2348178137652,247
334,48185,2021,1418.0,49.0,10164100.0,4742400.0,1073.6530612244899,49
335,48187,2018,1264.1768042861645,3185.0,620838700.0,186686600.0,983.1563189410653,3173
336,48187,2019,1275.1305220883535,3000.0,598084800.0,177092900.0,997.3852074966533,2988
337,48187,2020,1346.8632646385345,3069.0,619169700.0,181757100.0,1040.6679751390252,3057
338,48187,2021,1401.4664082687339,786.0,152870100.0,42792300.0,1077.6291989664082,774
339,48189,2018,1783.2,90.0,12864800.0,5291500.0,1397.6222222222223,90
340,48189,2019,1755.2087912087911,91.0,13978700.0,5619900.0,1373.2417582417581,91
341,48189,2020,1809.3118279569892,93.0,14462600.0,4834000.0,1394.6236559139784,93
342,48189,2021,2246.483870967742,31.0,5662300.0,1848500.0,1717.1935483870968,31
343,48191,2018,540.0,4.0,328000.0,120000.0,366.25,4
344,48191,2019,559.0,3.0,293000.0,110000.0,370.0,3
345,48191,2020,432.5,2.0,275000.0,110000.0,324.5,2
346,48193,2018,1367.7272727272727,11.0,1252800.0,146200.0,1037.090909090909,11
347,48193,2019,1606.0,8.0,1088300.0,138200.0,1258.0,8
348,48193,2020,1704.5714285714287,7.0,983300.0,138200.0,1326.5714285714287,7
349,48195,2018,1123.8,5.0,960000.0,280000.0,812.0,5
350,48195,2019,1350.5,4.0,885000.0,250000.0,1027.75,4
351,48195,2020,1441.75,4.0,885000.0,250000.0,1082.5,4
352,48195,2021,572.0,1.0,250000.0,100000.0,442.0,1
353,48197,2018,1223.0,1.0,235000.0,0.0,803.0,1
354,48199,2018,631.153801843318,3472.0,697114300.0,268632800.0,487.34447004608296,3472
355,48199,2019,657.2132556849695,3606.0,745737800.0,289882600.0,512.1469772601221,3606
356,48199,2020,698.2390779951755,3731.0,804963900.0,318381000.0,530.7502010184937,3731
357,48199,2021,789.9627071823204,724.0,158903200.0,62365600.0,605.5193370165746,724
358,48201,2018,690.757007093694,341133.0,72016340700.0,26709672200.0,521.6899218034604,331985
359,48201,2019,723.5196610169492,348561.0,74984576100.0,27924497300.0,551.1845635506663,339250
360,48201,2020,757.0930521267239,364379.0,79103720100.0,29672500100.0,568.3749091536371,353619
361,48201,2021,903.1693227440874,58985.0,13076256000.0,4676182800.0,680.3039674608601,57039
362,48203,2018,1243.736301369863,292.0,49507600.0,14056400.0,978.3356164383562,292
363,48203,2019,1231.8524590163934,244.0,44683700.0,12596900.0,942.9959016393443,244
364,48203,2020,1340.30078125,256.0,49337900.0,13801000.0,1033.015625,256
365,48203,2021,1500.967741935484,62.0,11809000.0,2915800.0,1123.3870967741937,62
366,48205,2018,450.0,1.0,250000.0,100000.0,348.0,1
367,48205,2019,1175.0,2.0,500000.0,200000.0,967.5,2
368,48205,2020,1233.5,2.0,500000.0,200000.0,1013.0,2
369,48205,2021,2085.0,1.0,250000.0,100000.0,1703.0,1
370,48207,2018,844.8048780487804,82.0,6359500.0,2231600.0,574.1951219512196,82
371,48207,2019,782.3116883116883,77.0,6393700.0,2300100.0,518.5064935064935,77
372,48207,2020,720.7368421052631,76.0,5745800.0,2084700.0,461.11842105263156,76
373,48207,2021,1181.7692307692307,13.0,1054200.0,380400.0,869.4615384615385,13
374,48209,2018,748.5939533103713,2618.0,530528300.0,175781400.0,524.849598163031,2613
375,48209,2019,775.193637077769,2551.0,522731800.0,176610400.0,551.0212097407698,2546
376,48209,2020,828.5687008611008,2676.0,550442900.0,180577500.0,583.2867839760389,2671
377,48209,2021,1021.9799635701276,554.0,116137600.0,38158000.0,760.0491803278688,549
378,48213,2018,859.6964856230032,313.0,61032600.0,21100100.0,624.4185303514377,313
379,48213,2019,842.9589905362776,317.0,62782200.0,22575600.0,607.6088328075709,317
380,48213,2020,952.828025477707,314.0,65123400.0,23102400.0,686.3694267515923,314
381,48213,2021,1179.0945945945946,74.0,16189800.0,6705000.0,860.7432432432432,74
382,48215,2018,569.8436304436304,12376.0,2154944700.0,828931200.0,426.419536019536,12285
383,48215,2019,602.2081238214959,12819.0,2294143200.0,894005800.0,451.80098994343183,12728
384,48215,2020,621.7405994172333,14505.0,2644432900.0,1047270200.0,457.70424587206884,14414
385,48215,2021,839.3951915852742,1331.0,245361600.0,94886600.0,619.2171299774606,1331
386,48217,2018,891.4756097560976,82.0,14433900.0,4182700.0,674.4146341463414,82
387,48217,2019,932.8421052631579,76.0,13952200.0,4257000.0,712.0263157894736,76
388,48217,2020,1061.7058823529412,85.0,15366700.0,4633300.0,805.7764705882353,85
389,48217,2021,1592.235294117647,17.0,2903800.0,840000.0,1259.8823529411766,17
390,48219,2018,1277.7058823529412,51.0,6837600.0,1860800.0,996.1960784313726,51
391,48219,2019,1354.5098039215686,51.0,6932600.0,1868800.0,1051.1764705882354,51
392,48219,2020,1577.6304347826087,46.0,6643700.0,1886800.0,1243.6739130434783,46
393,48219,2021,1703.2666666666667,15.0,2110300.0,874700.0,1347.4,15
394,48221,2018,789.9472817133443,607.0,122019200.0,37441800.0,596.2108731466227,607
395,48221,2019,784.1974110032362,618.0,129154500.0,40480000.0,593.0873786407767,618
396,48221,2020,869.6765676567657,606.0,127559100.0,39523700.0,651.8547854785479,606
397,48221,2021,881.1756756756756,148.0,31936900.0,9354100.0,644.9594594594595,148
398,48223,2018,1547.3552631578948,76.0,14158200.0,4410100.0,1233.671052631579,76
399,48223,2019,1511.2285714285715,70.0,13016700.0,4401800.0,1209.3857142857144,70
400,48223,2020,1357.1298701298701,77.0,16319100.0,5301600.0,956.9480519480519,77
401,48223,2021,1412.7058823529412,17.0,4087900.0,641000.0,1094.9411764705883,17
402,48225,2018,1109.8333333333333,54.0,10492200.0,3364100.0,834.8703703703703,54
403,48225,2019,1210.8545454545454,55.0,10758200.0,3730500.0,928.4545454545455,55
404,48225,2020,1430.7692307692307,52.0,9742300.0,3348300.0,1095.1538461538462,52
405,48225,2021,1385.6666666666667,12.0,2206000.0,555000.0,992.4166666666666,12
406,48227,2018,1600.1521739130435,46.0,8196400.0,3107000.0,1243.5652173913043,46
407,48227,2019,1936.8461538461538,39.0,6817300.0,2412000.0,1513.5897435897436,39
408,48227,2020,2016.4594594594594,37.0,6480000.0,2410000.0,1559.7837837837837,37
409,48227,2021,1919.3,10.0,1754500.0,820000.0,1495.8,10
410,48229,2018,6083.047619047619,21.0,3761100.0,2048900.0,5038.952380952381,21
411,48229,2019,7082.882352941177,17.0,3360200.0,2059500.0,5910.882352941177,17
412,48229,2020,7480.35294117647,17.0,3307600.0,2074600.0,6180.882352941177,17
413,48229,2021,7149.875,8.0,1400900.0,934000.0,5828.875,8
414,48231,2018,885.3985239852399,271.0,57224400.0,18244200.0,670.6715867158672,271
415,48231,2019,1011.0149812734082,267.0,56230100.0,18602300.0,779.4119850187266,267
416,48231,2020,1104.365758754864,257.0,54093100.0,17125600.0,843.2295719844358,257
417,48231,2021,1006.2542372881356,59.0,10936800.0,3072800.0,773.271186440678,59
418,48233,2018,2931.0,10.0,2410800.0,528700.0,2435.6,10
419,48233,2019,610.0,7.0,1633000.0,520000.0,480.85714285714283,7
420,48233,2020,842.7,10.0,2049000.0,600000.0,633.3,10
421,48233,2021,1399.3333333333333,3.0,466000.0,100000.0,1002.0,3
422,48235,2018,1616.0,7.0,813900.0,177100.0,1315.142857142857,7
423,48235,2019,1619.25,4.0,587000.0,160000.0,1348.25,4
424,48235,2020,1221.25,4.0,587000.0,80000.0,976.75,4
425,48237,2018,696.8888888888889,9.0,1017100.0,156700.0,458.6666666666667,9
426,48237,2019,532.875,8.0,912800.0,162000.0,332.875,8
427,48237,2020,543.0,10.0,1362800.0,342000.0,351.2,10
428,48237,2021,1348.5,2.0,750000.0,150000.0,1003.5,2
429,48239,2018,790.1214285714286,700.0,124642700.0,46929500.0,575.5114285714286,700
430,48239,2019,830.3809523809524,672.0,122683100.0,45726400.0,615.4389880952381,672
431,48239,2020,866.978947368421,665.0,121687200.0,46573400.0,633.6390977443609,665
432,48239,2021,1009.0984848484849,132.0,22965900.0,8563500.0,756.75,132
433,48241,2018,708.8964646464647,396.0,63097800.0,23705300.0,554.6186868686868,396
434,48241,2019,701.3,370.0,62546500.0,24606700.0,542.3675675675676,370
435,48241,2020,773.1260273972603,365.0,68081400.0,27167600.0,574.7698630136987,365
436,48241,2021,893.4029850746268,67.0,13095400.0,4796200.0,672.4925373134329,67
437,48243,2018,1142.75,12.0,2836300.0,863800.0,847.0,12
438,48243,2019,1529.375,8.0,1987400.0,507000.0,1229.5,8
439,48243,2020,866.8571428571429,7.0,1487400.0,507000.0,663.8571428571429,7
440,48243,2021,1982.0,1.0,221400.0,67000.0,1425.0,1
441,48245,2018,594.7116887472748,30061.0,5870358400.0,2360945400.0,442.10581921851417,29815
442,48245,2019,639.9308390405182,29907.0,6009131600.0,2418580800.0,481.04058567524714,29641
443,48245,2020,676.8185194130789,33322.0,6774717900.0,2737337300.0,497.1308797777912,33122
444,48245,2021,785.0955487336914,5322.0,1108451600.0,439163200.0,579.707981580967,5212
445,48247,2018,1211.1363636363637,22.0,2363900.0,365500.0,912.3636363636364,22
446,48247,2019,961.2857142857143,21.0,1920900.0,385500.0,732.5714285714286,21
447,48247,2020,1119.1052631578948,19.0,1665700.0,244000.0,841.2105263157895,19
448,48247,2021,814.75,4.0,498000.0,140000.0,589.75,4
449,48249,2018,893.8309352517986,556.0,101519600.0,31790200.0,665.2464028776978,556
450,48249,2019,960.4319852941177,544.0,100179900.0,30656100.0,725.3033088235294,544
451,48249,2020,996.1627056672761,547.0,103887800.0,32810600.0,744.526508226691,547
452,48249,2021,1331.495652173913,115.0,24966400.0,6596700.0,989.9391304347826,115
453,48251,2018,839.8272471910112,712.0,130340700.0,41561300.0,628.9157303370787,712
454,48251,2019,892.5211062590976,687.0,129601500.0,41124900.0,681.4599708879185,687
455,48251,2020,969.3157099697885,662.0,126343300.0,39230700.0,728.5438066465257,662
456,48251,2021,1028.6121495327102,214.0,39843000.0,12198700.0,771.0327102803739,214
457,48253,2018,1581.1702127659576,94.0,13238300.0,4127800.0,1281.1808510638298,94
458,48253,2019,1602.8494623655913,93.0,14512400.0,4588500.0,1300.6021505376343,93
459,48253,2020,2003.421686746988,83.0,13835200.0,4295600.0,1628.5903614457832,83
460,48253,2021,1485.5,22.0,2881000.0,480500.0,1162.590909090909,22
461,48255,2018,962.4545454545455,44.0,7806500.0,3592200.0,722.3863636363636,44
462,48255,2019,843.4878048780488,41.0,7482000.0,3548900.0,625.8780487804878,41
463,48255,2020,942.3414634146342,41.0,7847500.0,3681700.0,700.4146341463414,41
464,48255,2021,979.0,7.0,1550000.0,620000.0,760.0,7
465,48257,2018,736.8405797101449,276.0,56631000.0,20488000.0,546.6050724637681,276
466,48257,2019,771.327922077922,308.0,62269200.0,19980400.0,558.8311688311688,308
467,48257,2020,848.9588014981273,267.0,54807100.0,19524200.0,640.2546816479401,267
468,48257,2021,944.457627118644,59.0,12597500.0,4373000.0,724.3559322033898,59
469,48259,2018,877.6253731343284,670.0,148253500.0,45933900.0,660.165671641791,670
470,48259,2019,939.3389570552147,652.0,151612500.0,45282800.0,718.5398773006135,652
471,48259,2020,986.7046875,640.0,149077000.0,45050600.0,745.421875,640
472,48259,2021,1076.2043795620439,137.0,30776500.0,9640100.0,804.0802919708029,137
473,48261,2018,437.5,2.0,450000.0,180000.0,337.0,2
474,48261,2019,456.0,1.0,200000.0,80000.0,353.0,1
475,48261,2020,487.0,1.0,200000.0,80000.0,370.0,1
476,48265,2018,984.1274193548387,620.0,122212300.0,40259400.0,719.924193548387,620
477,48265,2019,1057.8129952456418,631.0,123044800.0,39689800.0,781.5150554675118,631
478,48265,2020,1138.6373134328358,670.0,129160200.0,40860600.0,832.6970149253731,670
479,48265,2021,1500.4301675977654,179.0,33637100.0,10370200.0,1111.2458100558658,179
480,48267,2018,2034.2083333333333,72.0,12805000.0,3385600.0,1607.5694444444443,72
481,48267,2019,2391.72131147541,61.0,12922000.0,3434900.0,1928.639344262295,61
482,48267,2020,1920.0169491525423,59.0,12603900.0,3483900.0,1501.9322033898304,59
483,48267,2021,1314.5714285714287,21.0,4721300.0,1448600.0,986.7142857142857,21
484,48271,2018,827.5454545454545,22.0,3297000.0,1281000.0,599.0909090909091,22
485,48271,2019,935.44,25.0,4280000.0,1681000.0,669.96,25
486,48271,2020,1034.125,24.0,4082700.0,1521000.0,742.75,24
487,48271,2021,848.75,4.0,654700.0,100000.0,618.5,4
488,48273,2018,729.4471780028944,691.0,122680300.0,45915700.0,543.3603473227207,691
489,48273,2019,758.8828828828829,666.0,119212700.0,43736400.0,570.0540540540541,666
490,48273,2020,810.0974889217134,677.0,125087100.0,47625600.0,602.5243722304284,677
491,48273,2021,998.2022471910112,89.0,16386500.0,5870600.0,746.4719101123595,89
492,48275,2018,366.0,1.0,125000.0,50000.0,275.0,1
493,48275,2019,673.5,2.0,209000.0,60000.0,531.5,2
494,48275,2020,741.0,2.0,259000.0,80000.0,575.0,2
495,48275,2021,995.0,1.0,59000.0,0.0,780.0,1
496,48277,2018,890.4010416666666,192.0,25600100.0,7772200.0,644.953125,192
497,48277,2019,921.0164835164835,182.0,25849700.0,8283300.0,668.434065934066,182
498,48277,2020,939.2048192771084,166.0,24409800.0,7307700.0,683.3855421686746,166
499,48277,2021,987.439024390244,41.0,6197600.0,1855900.0,718.1463414634146,41
500,48279,2018,1029.7058823529412,17.0,1172400.0,60000.0,759.5294117647059,17
501,48279,2019,1074.7692307692307,13.0,1253600.0,160000.0,829.1538461538462,13
502,48279,2020,1194.8666666666666,15.0,1335300.0,160000.0,918.7333333333333,15
503,48279,2021,1337.0,3.0,106200.0,0.0,1006.0,3
504,48281,2018,930.9702970297029,101.0,17820500.0,5137600.0,692.3168316831683,101
505,48281,2019,1046.1473684210525,95.0,16731100.0,4586900.0,799.2210526315789,95
506,48281,2020,1011.639175257732,97.0,17336600.0,4742400.0,752.680412371134,97
507,48281,2021,1443.590909090909,22.0,3959900.0,1043800.0,1108.6818181818182,22
508,48283,2018,1265.8125,16.0,1564800.0,250000.0,999.4375,16
509,48283,2019,1417.1875,16.0,1576300.0,250000.0,1132.875,16
510,48283,2020,1789.076923076923,13.0,1675600.0,230000.0,1422.1538461538462,13
511,48283,2021,1682.0,1.0,180000.0,100000.0,1362.0,1
512,48285,2018,1154.7586206896551,203.0,32864200.0,12332700.0,882.9162561576354,203
513,48285,2019,1205.8244680851064,188.0,31732400.0,11627000.0,937.2765957446809,188
514,48285,2020,1356.0150753768844,199.0,35091600.0,13438300.0,1051.1507537688442,199
515,48285,2021,2172.921568627451,51.0,9527200.0,3337800.0,1737.9607843137255,51
516,48287,2018,612.3454545454546,55.0,7305600.0,2514400.0,473.7818181818182,55
517,48287,2019,700.0192307692307,52.0,8949100.0,2864200.0,509.90384615384613,52
518,48287,2020,735.5128205128206,39.0,6712600.0,2346200.0,533.3333333333334,39
519,48287,2021,881.1666666666666,6.0,1000000.0,285000.0,633.6666666666666,6
520,48289,2018,926.0645161290323,31.0,4395100.0,1180800.0,661.483870967742,31
521,48289,2019,1042.0263157894738,38.0,5359000.0,1469400.0,758.5263157894736,38
522,48289,2020,985.1282051282051,39.0,6117300.0,1980000.0,660.8974358974359,39
523,48289,2021,1119.4444444444443,9.0,1654800.0,454300.0,814.2222222222222,9
524,48291,2018,739.086576937068,2749.0,450092500.0,162113500.0,587.0571116769735,2749
525,48291,2019,771.524926686217,2728.0,486085500.0,182542500.0,611.1147360703812,2728
526,48291,2020,809.5402054551895,2823.0,546272200.0,211458000.0,613.910024796316,2823
527,48291,2021,921.0616302186879,503.0,100564200.0,33473500.0,688.4115308151094,503
528,48293,2018,1056.965909090909,88.0,13360000.0,4512600.0,811.6590909090909,88
529,48293,2019,1103.1927710843374,83.0,13321000.0,4433700.0,848.289156626506,83
530,48293,2020,1108.035294117647,85.0,13212300.0,4532400.0,844.1882352941177,85
531,48293,2021,1205.8666666666666,15.0,2079700.0,653300.0,890.6,15
532,48295,2018,1371.6363636363637,22.0,3145400.0,330000.0,1084.7727272727273,22
533,48295,2019,1220.695652173913,23.0,2964600.0,211000.0,964.0869565217391,23
534,48295,2020,1396.3636363636363,22.0,2909300.0,178000.0,1088.6363636363637,22
535,48295,2021,1138.0,4.0,354000.0,7500.0,805.5,4
536,48297,2018,1171.7830188679245,106.0,16508100.0,5356300.0,916.622641509434,106
537,48297,2019,1345.1009174311926,109.0,17682200.0,5582400.0,1065.2660550458716,109
538,48297,2020,1408.3982300884957,113.0,18591500.0,5463700.0,1104.495575221239,113
539,48297,2021,1621.76,25.0,4684700.0,1558200.0,1267.08,25
540,48299,2018,1214.698081734779,1243.0,268920400.0,66783800.0,888.2452043369475,1199
541,48299,2019,1332.5553784860558,1299.0,281289500.0,69740700.0,991.1282868525897,1255
542,48299,2020,1355.8838808250573,1353.0,298226300.0,74540900.0,990.7402597402597,1309
543,48299,2021,1282.865329512894,350.0,78158800.0,20035400.0,926.0401146131805,349
544,48303,2018,1436.6513979773945,1681.0,287393800.0,50806600.0,1097.4009518143962,1681
545,48303,2019,1526.8904569892472,1488.0,270615900.0,44950100.0,1184.913306451613,1488
546,48303,2020,1611.1997019374069,1342.0,251292400.0,47102000.0,1239.5081967213114,1342
547,48303,2021,1740.4985163204747,337.0,60807200.0,11831200.0,1332.6112759643918,337
548,48305,2018,271.0,1.0,50000.0,20000.0,192.0,1
549,48305,2019,290.0,1.0,50000.0,20000.0,209.0,1
550,48305,2020,308.0,1.0,50000.0,20000.0,219.0,1
551,48307,2018,1553.1052631578948,19.0,2544300.0,751500.0,1237.157894736842,19
552,48307,2019,1552.111111111111,18.0,2350600.0,640000.0,1244.5555555555557,18
553,48307,2020,1599.25,16.0,2027800.0,580000.0,1266.375,16
554,48307,2021,977.5,2.0,149000.0,0.0,765.0,2
555,48309,2018,1112.0963455149501,917.0,174663600.0,48423500.0,843.9291251384275,903
556,48309,2019,1161.1289592760181,898.0,175245500.0,51459700.0,893.2850678733032,884
557,48309,2020,1161.3860045146728,893.0,180957000.0,56217000.0,882.8002257336343,886
558,48309,2021,1099.8412698412699,259.0,51781400.0,14691700.0,820.4404761904761,252
559,48311,2018,944.0909090909091,11.0,2311200.0,800000.0,647.3636363636364,11
560,48311,2019,996.4615384615385,13.0,2571200.0,900000.0,681.2307692307693,13
561,48311,2020,1042.6363636363637,11.0,2106500.0,800000.0,680.5454545454545,11
562,48311,2021,858.0,1.0,250000.0,100000.0,494.0,1
563,48313,2018,2414.240740740741,54.0,11891400.0,5153800.0,1937.388888888889,54
564,48313,2019,1542.876923076923,65.0,12545500.0,5899600.0,1189.2307692307693,65
565,48313,2020,1831.867924528302,53.0,10713500.0,5231400.0,1418.867924528302,53
566,48313,2021,2424.3333333333335,12.0,2732900.0,1800500.0,1937.9166666666667,12
567,48315,2018,978.8928571428571,28.0,2404000.0,602000.0,721.6071428571429,28
568,48315,2019,781.4615384615385,26.0,2210600.0,607000.0,560.0,26
569,48315,2020,842.7333333333333,30.0,2658100.0,740000.0,597.5666666666667,30
570,48315,2021,778.7142857142857,7.0,410000.0,128400.0,545.1428571428571,7
571,48317,2018,2005.4,20.0,2476000.0,242500.0,1592.8,20
572,48317,2019,2300.5882352941176,17.0,2222400.0,284100.0,1845.8823529411766,17
573,48317,2020,2294.5,16.0,2120400.0,231600.0,1813.6875,16
574,48317,2021,722.5,2.0,277700.0,101600.0,464.0,2
575,48319,2018,1059.578947368421,19.0,1401500.0,165800.0,742.7894736842105,19
576,48319,2019,994.3076923076923,13.0,1202100.0,157900.0,693.1538461538462,13
577,48319,2020,1066.1,10.0,951200.0,127900.0,746.6,10
578,48319,2021,702.0,2.0,43400.0,0.0,341.0,2
579,48321,2018,1351.6537295330504,3298.0,621661000.0,210576000.0,1056.2868405093996,3298
580,48321,2019,1379.688992248062,3225.0,619623600.0,215426500.0,1083.7919379844961,3225
581,48321,2020,1339.7509386733416,3196.0,636359100.0,223171900.0,1019.325719649562,3196
582,48321,2021,1563.1741397288843,959.0,183488200.0,53561400.0,1193.9666319082378,959
583,48323,2018,1160.0231213872833,173.0,27538200.0,12277300.0,876.8381502890173,173
584,48323,2019,1243.9451219512196,164.0,26541100.0,11218100.0,946.420731707317,164
585,48323,2020,1272.7391304347825,161.0,26603300.0,10951900.0,955.8944099378882,161
586,48323,2021,1151.9024390243903,41.0,5964200.0,1367300.0,851.2682926829268,41
587,48325,2018,935.6275303643724,494.0,84065400.0,23817800.0,702.5506072874493,494
588,48325,2019,980.9978723404255,470.0,83058300.0,24005000.0,746.5255319148936,470
589,48325,2020,1076.3467230443975,473.0,84379800.0,24551600.0,820.2959830866807,473
590,48325,2021,1467.2376237623762,101.0,17584800.0,4789400.0,1143.1386138613861,101
591,48327,2018,1401.4102564102564,78.0,8224400.0,1177700.0,1050.8589743589744,78
592,48327,2019,1505.3037974683543,79.0,8104200.0,1077100.0,1158.7215189873418,79
593,48327,2020,1169.5454545454545,66.0,6726000.0,1047100.0,844.8939393939394,66
594,48327,2021,1173.857142857143,14.0,1383400.0,68500.0,890.4285714285714,14
595,48329,2018,1299.6162123385939,1458.0,312678900.0,52000900.0,1009.2826398852224,1394
596,48329,2019,1301.030281182408,1399.0,316829600.0,54605200.0,1013.268925739005,1387
597,48329,2020,1333.0324283559578,1326.0,300110000.0,56221700.0,1029.2300150829562,1326
598,48329,2021,1401.5625,336.0,76421000.0,13570900.0,1085.389880952381,336
599,48331,2018,809.7857142857143,28.0,3418900.0,1082200.0,606.4285714285714,28
600,48331,2019,938.5588235294117,34.0,4845900.0,1922500.0,721.5882352941177,34
601,48331,2020,1344.3243243243244,37.0,4427800.0,1244100.0,1011.918918918919,37
602,48331,2021,958.5714285714286,7.0,1083000.0,305800.0,727.4285714285714,7
603,48335,2018,657.6666666666666,6.0,776500.0,260000.0,488.5,6
604,48335,2019,669.5714285714286,7.0,986200.0,340000.0,504.57142857142856,7
605,48335,2020,587.8333333333334,6.0,980000.0,380000.0,422.3333333333333,6
606,48337,2018,1107.3333333333333,84.0,13083700.0,3812700.0,842.202380952381,84
607,48337,2019,1146.289156626506,83.0,13480200.0,4024400.0,875.0722891566265,83
608,48337,2020,1222.126582278481,79.0,12244900.0,3584500.0,925.4050632911392,79
609,48337,2021,1282.0833333333333,12.0,2420000.0,745500.0,980.6666666666666,12
610,48339,2018,582.4074136195908,29849.0,6629830300.0,2605167300.0,440.96564911103656,29810
611,48339,2019,606.6650297310889,33842.0,7631531600.0,3017969400.0,463.1947164452859,33803
612,48339,2020,639.5524571303347,36545.0,8329663700.0,3317710700.0,481.24152194159865,36506
613,48339,2021,742.0514228657014,6018.0,1384497000.0,534229200.0,560.562656015976,6009
614,48341,2018,1351.0,10.0,848000.0,112000.0,1013.9,10
615,48341,2019,1340.4,10.0,880000.0,112000.0,1024.3,10
616,48341,2020,2003.0,8.0,640300.0,0.0,1547.125,8
617,48341,2021,1995.0,3.0,271000.0,0.0,1563.6666666666667,3
618,48343,2018,906.9130434782609,23.0,2192500.0,478300.0,711.0434782608696,23
619,48343,2019,1110.0,19.0,2067400.0,382400.0,893.0526315789474,19
620,48343,2020,859.5882352941177,17.0,1744400.0,437300.0,663.8823529411765,17
621,48343,2021,984.0,4.0,254500.0,12000.0,727.75,4
622,48347,2018,1123.4419889502763,181.0,37848900.0,11743700.0,825.3812154696133,181
623,48347,2019,1187.2359550561798,178.0,38619900.0,11615900.0,885.185393258427,178
624,48347,2020,1184.017543859649,171.0,39232400.0,11417200.0,861.8070175438596,171
625,48347,2021,947.4137931034483,29.0,5020700.0,2080800.0,658.551724137931,29
626,48349,2018,1173.815,200.0,33987500.0,10922100.0,907.625,200
627,48349,2019,1248.3908045977012,174.0,30385200.0,9924900.0,963.7701149425287,174
628,48349,2020,1364.0806451612902,186.0,33078800.0,10615300.0,1052.994623655914,186
629,48349,2021,1636.5192307692307,52.0,9822800.0,2242000.0,1264.6538461538462,52
630,48351,2018,728.596875,640.0,66177600.0,20501300.0,621.353125,640
631,48351,2019,792.7912371134021,388.0,55826600.0,20154300.0,625.5618556701031,388
632,48351,2020,857.2868020304569,394.0,60935100.0,23102200.0,651.3832487309645,394
633,48351,2021,896.5774647887324,71.0,9422800.0,3720000.0,681.9718309859155,71
634,48353,2018,1470.474358974359,78.0,9054200.0,961700.0,1155.525641025641,78
635,48353,2019,1386.2972972972973,74.0,9192100.0,933500.0,1084.2702702702702,74
636,48353,2020,1413.9420289855072,69.0,8715600.0,1119200.0,1105.6521739130435,69
637,48353,2021,1352.235294117647,17.0,2189700.0,388800.0,1019.9411764705883,17
638,48355,2018,882.7587947157489,32157.0,6204027700.0,2016380400.0,642.1309188065904,26948
639,48355,2019,943.8696005888506,31090.0,6103684900.0,1949423600.0,693.4662379421222,25813
640,48355,2020,992.3278810685943,32379.0,6493735700.0,2038855900.0,719.1591713551176,26839
641,48355,2021,1219.4118969746526,6316.0,1256810800.0,352723700.0,884.073385118561,4892
642,48357,2018,1005.0,1.0,76000.0,0.0,613.0,1
643,48357,2019,1015.0,1.0,76000.0,0.0,622.0,1
644,48357,2020,1026.0,1.0,76000.0,0.0,631.0,1
645,48361,2018,699.4140154772141,13956.0,2585276400.0,1022856800.0,537.6314846660935,13956
646,48361,2019,746.7342783684247,14391.0,2750461700.0,1090309400.0,578.0331457160726,14391
647,48361,2020,809.1053621825024,15945.0,3150043600.0,1270239900.0,610.9595484477893,15945
648,48361,2021,885.3498713708195,2721.0,538625500.0,210216700.0,661.3160602719588,2721
649,48363,2018,1084.0,196.0,30926100.0,10762600.0,778.6479591836735,196
650,48363,2019,950.1666666666666,198.0,34194200.0,12316700.0,665.8484848484849,198
651,48363,2020,1025.5628415300546,183.0,32924100.0,11513400.0,723.1420765027323,183
652,48363,2021,1454.0294117647059,34.0,6690300.0,1806500.0,1080.764705882353,34
653,48365,2018,492.0,11.0,1625000.0,630000.0,358.8181818181818,11
654,48365,2019,530.6,10.0,1400000.0,540000.0,389.8,10
655,48365,2020,537.6923076923077,13.0,1900000.0,740000.0,393.6923076923077,13
656,48365,2021,572.0,1.0,250000.0,100000.0,442.0,1
657,48367,2018,987.6064735945486,587.0,106256200.0,29371400.0,768.5792163543441,587
658,48367,2019,1048.9214285714286,560.0,109227700.0,29903100.0,815.0232142857143,560
659,48367,2020,1079.6835443037974,553.0,109456800.0,30375700.0,832.3471971066908,553
660,48367,2021,1040.969465648855,131.0,25470400.0,7371700.0,782.9694656488549,131
661,48369,2018,4079.0,2.0,185000.0,40000.0,3384.0,2
662,48369,2019,688.0,1.0,35000.0,10000.0,533.0,1
663,48369,2020,737.0,1.0,35000.0,10000.0,561.0,1
664,48371,2018,1694.6923076923076,13.0,1339900.0,130800.0,1334.923076923077,13
665,48371,2019,1904.5555555555557,9.0,1099800.0,130800.0,1571.6666666666667,9
666,48371,2020,2225.0,11.0,1436800.0,200800.0,1797.6363636363637,11
667,48371,2021,1538.5,2.0,183800.0,20800.0,1240.5,2
668,48373,2018,879.9749340369393,758.0,132124300.0,39711700.0,635.5277044854881,758
669,48373,2019,943.9312242090784,735.0,133640600.0,41584600.0,682.4112792297111,727
670,48373,2020,984.6754143646409,732.0,141084200.0,43397900.0,694.0372928176796,724
671,48373,2021,982.1986754966888,159.0,30755600.0,10446800.0,689.6092715231788,151
672,48375,2018,1297.5588235294117,204.0,31496800.0,10425200.0,1000.6029411764706,204
673,48375,2019,1453.0698924731182,186.0,30203400.0,12181400.0,1137.1774193548388,186
674,48375,2020,1704.9071038251366,183.0,32667900.0,12323000.0,1328.2513661202186,183
675,48375,2021,1502.6851851851852,54.0,10137400.0,4188400.0,1149.7037037037037,54
676,48377,2018,2049.9333333333334,15.0,2411700.0,422700.0,1684.0666666666666,15
677,48377,2019,2065.4285714285716,14.0,2755500.0,542200.0,1684.2857142857142,14
678,48377,2020,2687.0,13.0,2835200.0,362200.0,2172.4615384615386,13
679,48377,2021,7300.0,1.0,500000.0,0.0,5932.0,1
680,48379,2018,806.4705882352941,17.0,2861100.0,850000.0,600.3529411764706,17
681,48379,2019,552.0769230769231,13.0,2263100.0,802500.0,398.15384615384613,13
682,48379,2020,662.6,10.0,1550800.0,492500.0,450.5,10
683,48379,2021,3691.5,4.0,1070000.0,232500.0,2974.5,4
684,48381,2018,918.2265446224256,437.0,77959200.0,24054000.0,699.4713958810069,437
685,48381,2019,957.0600961538462,416.0,74350000.0,22767100.0,734.3269230769231,416
686,48381,2020,1038.1021505376343,372.0,68000200.0,20345300.0,783.1881720430108,372
687,48381,2021,1176.1875,80.0,15697800.0,4853400.0,886.4625,80
688,48383,2018,126.0,1.0,0.0,12000.0,66.0,1
689,48385,2018,938.3626373626373,182.0,29658500.0,7384700.0,641.0769230769231,182
690,48385,2019,1024.021505376344,186.0,31011900.0,7678200.0,712.6612903225806,186
691,48385,2020,991.020618556701,194.0,34101900.0,8806100.0,673.6340206185567,194
692,48385,2021,1375.3333333333333,39.0,6738100.0,1357300.0,1011.5641025641025,39
693,48387,2018,2572.0,2.0,444000.0,471000.0,1986.5,2
694,48387,2019,2241.0,3.0,534000.0,471000.0,1760.3333333333333,3
695,48387,2020,2510.6666666666665,3.0,534000.0,471000.0,1964.3333333333333,3
696,48387,2021,3735.0,1.0,44000.0,21000.0,2911.0,1
697,48389,2018,1517.1666666666667,18.0,2325400.0,1167000.0,1182.2222222222222,18
698,48389,2019,1620.75,20.0,2896700.0,1167600.0,1271.35,20
699,48389,2020,1776.9375,16.0,2473700.0,1295000.0,1406.1875,16
700,48389,2021,1571.2,5.0,424000.0,90000.0,1153.4,5
701,48391,2018,636.7266666666667,150.0,26377400.0,10044600.0,450.82666666666665,150
702,48391,2019,654.695652173913,138.0,24883900.0,9711900.0,471.7173913043478,138
703,48391,2020,698.8794326241135,141.0,26034400.0,10061900.0,503.56028368794324,141
704,48391,2021,929.7142857142857,28.0,4523800.0,1925700.0,662.8928571428571,28
705,48395,2018,1422.125,160.0,25203900.0,8016000.0,1115.10625,160
706,48395,2019,1497.9689440993789,161.0,23943000.0,6806600.0,1182.2173913043478,161
707,48395,2020,1530.9605263157894,152.0,23338400.0,6924400.0,1201.4144736842106,152
708,48395,2021,1699.8048780487804,41.0,6542300.0,1430700.0,1317.4146341463415,41
709,48397,2018,723.6351351351351,296.0,66500300.0,22678200.0,548.4290540540541,296
710,48397,2019,746.3856655290102,293.0,67748400.0,22991300.0,568.6723549488055,293
711,48397,2020,847.432055749129,287.0,67596300.0,21617100.0,641.3519163763066,287
712,48397,2021,952.65625,64.0,14923000.0,5505100.0,725.671875,64
713,48399,2018,1677.2068965517242,29.0,4195500.0,1133900.0,1284.7586206896551,29
714,48399,2019,1442.6666666666667,27.0,3496400.0,621700.0,1071.0740740740741,27
715,48399,2020,1489.0555555555557,18.0,2555000.0,613800.0,1091.9444444444443,18
716,48399,2021,1287.4,5.0,845000.0,90000.0,921.6,5
717,48401,2018,956.05,80.0,14679900.0,4005800.0,734.1,80
718,48401,2019,956.3076923076923,78.0,14723000.0,4178800.0,740.1153846153846,78
719,48401,2020,1156.1097560975609,82.0,15616800.0,3928300.0,894.9878048780488,82
720,48401,2021,1419.304347826087,23.0,3328700.0,829400.0,1097.6521739130435,23
721,48403,2018,1236.2,5.0,1069900.0,719700.0,866.2,5
722,48403,2019,1311.6,5.0,1069900.0,719700.0,931.8,5
723,48403,2020,1443.0,5.0,1069900.0,719700.0,985.4,5
724,48403,2021,797.0,1.0,250000.0,100000.0,442.0,1
725,48405,2018,1014.4722222222222,36.0,4591400.0,1375100.0,730.0277777777778,36
726,48405,2019,1370.1470588235295,34.0,5205600.0,1951300.0,1035.4705882352941,34
727,48405,2020,1407.6842105263158,38.0,5653300.0,2025000.0,1051.0526315789473,38
728,48405,2021,1934.25,12.0,1253100.0,522200.0,1467.9166666666667,12
729,48407,2018,751.894280762565,577.0,85448600.0,24712200.0,585.1698440207972,577
730,48407,2019,781.4058823529411,510.0,86993000.0,26921700.0,591.1098039215686,510
731,48407,2020,894.0971302428256,453.0,88020940.0,28286600.0,644.3995584988962,453
732,48407,2021,864.6875,112.0,21884900.0,7393200.0,624.3303571428571,112
733,48409,2018,733.4426898992649,3684.0,707888800.0,265345700.0,536.9877484345222,3673
734,48409,2019,794.5435168738899,3400.0,677732100.0,252321400.0,589.283007696862,3378
735,48409,2020,821.9888220120379,3489.0,715400100.0,262277000.0,600.0014330753797,3489
736,48409,2021,1125.5038402457758,651.0,132858300.0,45189300.0,862.5284178187404,651
737,48411,2018,1126.975,40.0,4004300.0,743300.0,847.8,40
738,48411,2019,1298.3818181818183,55.0,5603500.0,954800.0,1004.1454545454545,55
739,48411,2020,1246.4,40.0,4074400.0,864400.0,943.625,40
740,48411,2021,932.6,5.0,413800.0,80000.0,731.0,5
741,48413,2018,589.5,2.0,285000.0,100000.0,360.5,2
742,48413,2019,847.5,2.0,70000.0,10000.0,476.0,2
743,48413,2020,787.0,1.0,35000.0,0.0,413.0,1
744,48415,2018,3484.1428571428573,21.0,3830700.0,1478500.0,2814.095238095238,21
745,48415,2019,1795.111111111111,18.0,2867100.0,575000.0,1350.8333333333333,18
746,48415,2020,1786.3076923076924,13.0,2207400.0,555000.0,1355.6153846153845,13
747,48415,2021,2406.5,4.0,787000.0,165000.0,1838.25,4
748,48417,2018,912.08,25.0,1919900.0,346000.0,646.16,25
749,48417,2019,1161.0,24.0,1834300.0,261500.0,850.375,24
750,48417,2020,1635.5,28.0,2015600.0,202900.0,1222.0,28
751,48417,2021,1283.6,5.0,566100.0,112300.0,990.4,5
752,48419,2018,721.0416666666666,24.0,2620900.0,803300.0,580.125,24
753,48419,2019,934.0,21.0,2976200.0,920100.0,720.3333333333334,21
754,48419,2020,963.2173913043479,23.0,2774600.0,795700.0,725.2173913043479,23
755,48419,2021,1144.0,5.0,326900.0,58200.0,872.0,5
756,48423,2018,936.8478873239436,710.0,156019300.0,48099400.0,718.0887323943662,710
757,48423,2019,932.6521739130435,667.0,150992300.0,48062200.0,717.3478260869565,667
758,48423,2020,942.1477611940298,670.0,156211300.0,48230700.0,712.655223880597,670
759,48423,2021,899.2602739726027,146.0,32811700.0,10165000.0,671.4520547945206,146
760,48425,2018,2117.35,60.0,10406500.0,1848900.0,1692.2666666666667,60
761,48425,2019,2726.4727272727273,55.0,9853700.0,2037000.0,2230.2909090909093,55
762,48425,2020,2347.0408163265306,49.0,8511800.0,1615000.0,1848.3673469387754,49
763,48425,2021,867.1,10.0,1133700.0,205500.0,499.5,10
764,48427,2018,1141.411214953271,214.0,36712400.0,12709200.0,874.5233644859813,214
765,48427,2019,1217.5049504950496,202.0,36052500.0,12360400.0,945.1683168316831,202
766,48427,2020,1192.8440366972477,218.0,37533900.0,13698100.0,916.4633027522935,218
767,48427,2021,2097.9411764705883,34.0,7114800.0,2784100.0,1649.735294117647,34
768,48429,2018,1225.4453781512605,119.0,13113800.0,1895000.0,966.5378151260504,119
769,48429,2019,1417.4224137931035,116.0,17446600.0,1858400.0,1107.4827586206898,116
770,48429,2020,1424.43,100.0,15937200.0,1525300.0,1092.29,100
771,48429,2021,1405.7857142857142,28.0,6728800.0,421900.0,1048.357142857143,28
772,48431,2020,1410.0,1.0,113000.0,0.0,1131.0,1
773,48435,2018,1263.388888888889,36.0,3989300.0,1529900.0,959.0833333333334,36
774,48435,2019,1000.075,40.0,4411800.0,1772500.0,755.45,40
775,48435,2020,1038.6764705882354,34.0,3889200.0,921000.0,770.3529411764706,34
776,48435,2021,1174.4615384615386,13.0,1521900.0,480800.0,876.4615384615385,13
777,48437,2018,925.2142857142857,14.0,913700.0,30000.0,687.2857142857143,14
778,48437,2019,1012.75,16.0,1105500.0,30000.0,767.875,16
779,48437,2020,1077.9375,16.0,1110200.0,70000.0,815.875,16
780,48437,2021,1761.2,5.0,344200.0,0.0,1314.6,5
781,48439,2018,991.8211832750934,8480.0,1790986100.0,537813400.0,761.8680563923364,8299
782,48439,2019,1039.7399200871776,8432.0,1816230900.0,548813200.0,804.3202566896719,8259
783,48439,2020,1187.109470138619,7950.0,1742694400.0,528038300.0,919.018914367146,7719
784,48439,2021,1164.23713033954,1896.0,400316800.0,119491100.0,895.9145673603505,1826
785,48441,2018,1229.1789627465303,2801.0,436915500.0,82826500.0,943.8780131482835,2738
786,48441,2019,1212.9868744872847,2501.0,395092400.0,76081100.0,935.1899097621001,2438
787,48441,2020,1290.1982942430704,2408.0,402022300.0,68955100.0,982.4473347547975,2345
788,48441,2021,1193.3410214168039,607.0,95777600.0,22582300.0,902.9555189456343,607
789,48443,2018,450.0,1.0,250000.0,100000.0,348.0,1
790,48443,2019,482.0,2.0,500000.0,200000.0,376.0,2
791,48443,2020,482.0,2.0,500000.0,200000.0,376.0,2
792,48443,2021,441.0,1.0,100000.0,40000.0,331.0,1
793,48445,2018,1414.421052631579,19.0,2648000.0,670000.0,1045.6842105263158,19
794,48445,2019,1258.9,20.0,2295000.0,520000.0,926.05,20
795,48445,2020,1370.5333333333333,15.0,2029400.0,570000.0,1014.8,15
796,48445,2021,1767.5,2.0,235000.0,0.0,1434.5,2
797,48447,2018,645.0,2.0,70000.0,20000.0,496.0,2
798,48447,2019,662.0,1.0,35000.0,10000.0,510.0,1
799,48447,2020,704.0,1.0,35000.0,10000.0,533.0,1
800,48449,2018,1140.75,32.0,6449300.0,2811200.0,887.5625,32
801,48449,2019,927.3421052631579,38.0,7847000.0,3020400.0,692.0526315789474,38
802,48449,2020,700.6486486486486,37.0,7886000.0,2739400.0,491.8918918918919,37
803,48449,2021,839.8333333333334,6.0,1319000.0,388600.0,595.1666666666666,6
804,48451,2018,1001.9602076124568,578.0,109536900.0,28484600.0,769.9429065743944,578
805,48451,2019,1193.095652173913,575.0,109542200.0,29862100.0,935.1495652173913,575
806,48451,2020,1120.9711191335741,554.0,107093300.0,28884900.0,858.0234657039712,554
807,48451,2021,1315.6583333333333,120.0,24271000.0,6276800.0,1012.425,120
808,48453,2018,977.7643545683152,11349.0,2155985900.0,607652100.0,740.2336546521375,9544
809,48453,2019,1026.0312301503282,11521.0,2280074600.0,619098800.0,782.0110099513022,9446
810,48453,2020,1100.0411170651278,12314.0,2462224200.0,645677500.0,828.7407254740314,9704
811,48453,2021,1344.7581985133363,2751.0,584034200.0,144856300.0,1023.7328377787494,2287
812,48455,2018,854.5714285714286,35.0,2368600.0,1044300.0,579.7428571428571,35
813,48455,2019,947.9444444444445,36.0,2815300.0,1204200.0,654.6388888888889,36
814,48455,2020,990.175,40.0,2830300.0,1224500.0,685.55,40
815,48455,2021,1121.4,15.0,1105000.0,600000.0,761.1333333333333,15
816,48457,2018,733.5436893203884,206.0,25426000.0,7323500.0,603.2038834951456,206
817,48457,2019,798.9252873563219,174.0,25238100.0,8005400.0,645.8678160919541,174
818,48457,2020,857.9606299212599,127.0,22866400.0,8236000.0,642.8267716535433,127
819,48457,2021,928.6521739130435,23.0,3396300.0,1149800.0,682.3913043478261,23
820,48459,2018,913.1,30.0,5170100.0,2035100.0,669.7333333333333,30
821,48459,2019,1075.642857142857,28.0,5554300.0,2102000.0,825.9642857142857,28
822,48459,2020,1161.3214285714287,28.0,5813300.0,2018000.0,889.6071428571429,28
823,48459,2021,1521.090909090909,11.0,1668000.0,395000.0,1125.8181818181818,11
824,48463,2018,1217.5186170212767,376.0,53264900.0,10923200.0,863.9521276595744,376
825,48463,2019,1246.9393063583816,346.0,47748200.0,9870400.0,896.4046242774566,346
826,48463,2020,1317.948087431694,366.0,49092600.0,10496100.0,940.8032786885246,366
827,48463,2021,1393.7777777777778,99.0,10671500.0,1785100.0,995.2727272727273,99
828,48465,2018,1271.77734375,256.0,42331800.0,16417100.0,981.5546875,256
829,48465,2019,1372.0246913580247,243.0,41825200.0,15481000.0,1070.6172839506173,243
830,48465,2020,1390.7011494252874,261.0,43497700.0,15523800.0,1065.697318007663,261
831,48465,2021,1231.6166666666666,60.0,8859900.0,2203300.0,952.6333333333333,60
832,48467,2018,984.1835443037975,158.0,23265500.0,6426500.0,708.0759493670886,158
833,48467,2019,1110.8275862068965,145.0,21721700.0,5990600.0,826.2758620689655,145
834,48467,2020,1155.077922077922,154.0,23549900.0,6130300.0,854.4285714285714,154
835,48467,2021,1774.4054054054054,37.0,6475400.0,1782800.0,1395.6756756756756,37
836,48469,2018,754.7637690776377,1507.0,305739200.0,111153700.0,572.2163238221632,1507
837,48469,2019,802.7408963585434,1428.0,295424000.0,108681700.0,613.795518207283,1428
838,48469,2020,857.745872218234,1393.0,295259700.0,110184700.0,646.4673366834171,1393
839,48469,2021,1127.633027522936,218.0,46965200.0,18128300.0,868.5229357798165,218
840,48471,2018,769.4342431761787,403.0,75417000.0,26814700.0,566.9478908188586,403
841,48471,2019,800.9303944315545,431.0,84003000.0,29047800.0,599.8375870069606,431
842,48471,2020,873.0346420323326,433.0,89014300.0,31114900.0,648.6974595842956,433
843,48471,2021,953.2857142857143,98.0,19599200.0,6173400.0,708.5204081632653,98
844,48473,2018,710.6278968080454,2287.0,475889600.0,179501400.0,546.8718845649322,2287
845,48473,2019,741.5060137457044,2328.0,511423900.0,193974700.0,568.9896907216495,2328
846,48473,2020,773.285084202085,2494.0,560316700.0,214747900.0,585.0994386527666,2494
847,48473,2021,930.7613882863341,461.0,103755600.0,38762800.0,711.5249457700651,461
848,48475,2018,509.6,5.0,707000.0,270000.0,352.0,5
849,48475,2019,630.5,6.0,777000.0,260000.0,428.8333333333333,6
850,48475,2020,680.2,5.0,620000.0,210000.0,485.4,5
851,48475,2021,582.0,1.0,35000.0,0.0,430.0,1
852,48477,2018,681.5982905982906,234.0,44652600.0,17454000.0,499.6794871794872,234
853,48477,2019,668.204255319149,235.0,46624400.0,17453600.0,485.49787234042554,235
854,48477,2020,702.1269841269841,252.0,52275200.0,19845400.0,513.7301587301587,252
855,48477,2021,735.1730769230769,52.0,9305500.0,3471000.0,512.5961538461538,52
856,48479,2018,1466.1246376811594,1038.0,208789300.0,41584100.0,1118.9913043478261,1035
857,48479,2019,1493.7510638297872,943.0,195056400.0,36296900.0,1144.523404255319,940
858,48479,2020,1541.1021505376343,933.0,192410900.0,40041500.0,1167.7193548387097,930
859,48479,2021,1907.7777777777778,261.0,52468100.0,11784400.0,1479.2107279693487,261
860,48481,2018,920.7844602166605,2677.0,404275500.0,124733700.0,729.5991781845349,2677
861,48481,2019,984.4326636904761,2688.0,444376800.0,139532900.0,777.7310267857143,2688
862,48481,2020,1069.2156941649898,2485.0,436198700.0,142866400.0,819.0535211267605,2485
863,48481,2021,1303.3488805970148,536.0,93231500.0,29321700.0,997.4309701492538,536
864,48483,2018,1567.2857142857142,7.0,1283500.0,240000.0,1223.0,7
865,48483,2019,1601.5,8.0,1311500.0,240000.0,1237.875,8
866,48483,2020,1554.25,8.0,1311500.0,240000.0,1166.25,8
867,48485,2018,995.5797629899727,1108.0,192948200.0,57992400.0,757.6736554238834,1097
868,48485,2019,993.1731898238747,1033.0,180602200.0,54302500.0,759.4119373776908,1022
869,48485,2020,1087.5118025751074,954.0,171930900.0,51945400.0,827.6856223175965,932
870,48485,2021,1090.3824884792627,228.0,41306700.0,11421000.0,826.3917050691244,217
871,48487,2018,1119.0666666666666,30.0,3972000.0,2111600.0,809.8,30
872,48487,2019,1192.72,25.0,3161800.0,1345600.0,857.12,25
873,48487,2020,1247.625,24.0,3536800.0,1345600.0,887.2083333333334,24
874,48487,2021,728.0,4.0,370000.0,110000.0,511.0,4
875,48489,2018,904.0222222222222,735.0,103733000.0,28686300.0,657.5013888888889,720
876,48489,2019,943.9325,815.0,118735100.0,34228900.0,700.29,800
877,48489,2020,888.1826923076923,847.0,133398800.0,43423100.0,632.8341346153846,832
878,48489,2021,934.5410958904109,146.0,21926500.0,6326500.0,638.0,146
879,48491,2018,763.5943556613397,3063.0,634971000.0,218306900.0,584.1625297517851,2941
880,48491,2019,737.8796864349011,3049.0,645732300.0,226535100.0,564.064076346285,2934
881,48491,2020,752.7971217971218,2964.0,637249600.0,228350900.0,565.8711828711829,2849
882,48491,2021,910.4768310911809,808.0,155062800.0,52791100.0,679.101644245142,669
883,48493,2018,826.2739130434783,230.0,45344400.0,15801700.0,615.0652173913044,230
884,48493,2019,981.8009478672985,211.0,40848100.0,14335300.0,750.7251184834123,211
885,48493,2020,988.2816901408451,213.0,40786800.0,15118500.0,749.4460093896714,213
886,48493,2021,878.1428571428571,63.0,11828900.0,4162500.0,655.2698412698413,63
887,48497,2018,1477.7914893617021,235.0,44201300.0,13418300.0,1169.9531914893616,235
888,48497,2019,1653.8471074380166,273.0,45308000.0,13878600.0,1319.2685950413222,242
889,48497,2020,1717.0,256.0,45570500.0,14794100.0,1366.482608695652,230
890,48497,2021,2558.7368421052633,57.0,13659900.0,4505200.0,2062.1754385964914,57
891,48499,2018,980.4646464646464,99.0,18707700.0,6131400.0,756.5656565656566,99
892,48499,2019,992.1590909090909,88.0,16917100.0,5330800.0,758.2272727272727,88
893,48499,2020,1069.6976744186047,86.0,16023500.0,5169500.0,808.046511627907,86
894,48499,2021,1447.148148148148,27.0,5283900.0,2010000.0,1118.5185185185185,27
895,48501,2018,1231.6363636363637,33.0,4358400.0,178200.0,983.4545454545455,33
896,48501,2019,1230.878787878788,33.0,4539100.0,280700.0,993.939393939394,33
897,48501,2020,1187.235294117647,34.0,4585500.0,285100.0,943.4117647058823,34
898,48501,2021,1250.875,8.0,1156900.0,100000.0,996.625,8
899,48503,2018,1364.5735294117646,68.0,9126300.0,1754400.0,1062.3235294117646,68
900,48503,2019,1392.5942028985507,69.0,9262900.0,2242000.0,1096.7246376811595,69
901,48503,2020,1422.85,60.0,7760300.0,1903600.0,1110.0333333333333,60
902,48503,2021,1643.142857142857,14.0,2019300.0,326800.0,1288.0,14
903,48505,2018,1358.2413793103449,29.0,3924600.0,580500.0,1057.9655172413793,29
904,48505,2019,1374.8666666666666,30.0,3323800.0,444000.0,1071.2666666666667,30
905,48505,2020,1436.65625,32.0,3310300.0,278000.0,1112.0625,32
906,48505,2021,1073.5,8.0,853700.0,160000.0,801.125,8
907,48507,2018,2006.3398058252428,103.0,10995200.0,3738700.0,1571.7961165048544,103
908,48507,2019,2090.09009009009,111.0,11697900.0,3903200.0,1637.045045045045,111
909,48507,2020,2120.35,100.0,10403300.0,3613300.0,1659.68,100
910,48507,2021,1457.5263157894738,38.0,3485700.0,291800.0,1062.5263157894738,38
911,72113,2020,461.0,1.0,30000.0,12000.0,158.0,1
